id,titulo,precio,moneda,municipio_id,provincia_id,fecha_publicacion,promocionado,cantidad_imagenes,url,archivo_origen
57699277,ECO FLOW DELTA 2,1.0,USD,45,1,,False,1,https://www.revolico.com/item/eco-flow-delta-2-57699277,revolico_pagina_8.html
56978620,Freezer / nevera,1.0,USD,45,1,,False,2,https://www.revolico.com/item/freezer-56978620,revolico_pagina_8.html
52909637,🧧Juego de utensilios de cocina /8usd🧧,8.0,USD,34,1,,False,1,https://www.revolico.com/item/juego-de-utensilios-de-cocina-8usd-52909637,revolico_pagina_8.html
57698643,*🏍️ BICIMOTO TOPMAQ EVOLUTION 2026 🏍️*,1.0,USD,45,1,,False,1,https://www.revolico.com/item/bicimoto-topmaq-evolution-2026-57698643,revolico_pagina_8.html
55750053,Venta de tanques plásticos,,,34,1,,False,5,https://www.revolico.com/item/venta-de-tanques-plasticos-55750053,revolico_pagina_8.html
56735969,* Funda Magnética Samsung Galaxy S24 Ultra,15.0,USD,36,1,,False,1,https://www.revolico.com/item/funda-magnetica-samsung-galaxy-s24-ultra-56735969,revolico_pagina_8.html
57134182,🧧Juego instrumentos musicales / 15 usd🧧,15.0,USD,34,1,,False,2,https://www.revolico.com/item/juego-instrumentos-musicales-15-usd-57134182,revolico_pagina_8.html
55750276,Azulejos,,,34,1,,False,5,https://www.revolico.com/item/azulejos-55750276,revolico_pagina_8.html
52909670,🧧Juego de tazas/7usd🧧,7.0,USD,34,1,,False,1,https://www.revolico.com/item/juego-de-tasas7usd-52909670,revolico_pagina_8.html
55628732,Cenefas,,,34,1,,False,4,https://www.revolico.com/item/cenefas-55628732,revolico_pagina_8.html
56067881,* Pistola de Agua Eléctrica de Autocarga con Disparo Rápido,50.0,USD,36,1,,False,1,https://www.revolico.com/item/pistola-de-agua-electrica-de-autocarga-con-disparo-rapido-56067881,revolico_pagina_8.html
56636494,Tanques plásticos,,,34,1,,False,1,https://www.revolico.com/item/tanques-plasticos-56636494,revolico_pagina_8.html
56431836,Combo de energía #1 Inversor 3000W +Bateria+ transfer saco nuevo !,1240.0,USD,45,1,,False,1,https://www.revolico.com/item/inversor-sumry-4000w-110v-con-baterias-nuevo-56431836,revolico_pagina_8.html
53170625,🧧Set de 6 Pelotas antiestres 10cm/12usd🧧,12.0,USD,34,1,,False,1,https://www.revolico.com/item/set-de-6-pelotas-antiestres-10cm15usd-53170625,revolico_pagina_8.html
56195711,Cintillos,,,34,1,,False,1,https://www.revolico.com/item/cintillos-56195711,revolico_pagina_8.html
56692628,Estacion de energía Jackery HomePower 3000 pico 7200W nuevas en caja !,1650.0,USD,45,1,,False,2,https://www.revolico.com/item/estacion-de-energia-jackery-homepower-3000-pico-7200w-nuevas-en-caja-56692628,revolico_pagina_8.html
56523918,Rollo de cerca,,,34,1,,False,1,https://www.revolico.com/item/rollo-de-cerca-56523918,revolico_pagina_8.html
52547220,🧧Pistola de camuflaje (13cm) 6 usd🧧,6.0,USD,34,1,,False,1,https://www.revolico.com/item/bebe-52547220,revolico_pagina_8.html
56066672,* Cable HDMI 8K (5 METROS),35.0,USD,36,1,,False,1,https://www.revolico.com/item/cable-hdmi-8k-5-metros-56066672,revolico_pagina_8.html
52893099,🧧Set de peluquería💫8 usd🧧,8.0,USD,34,1,,False,1,https://www.revolico.com/item/set-de-peluqueria8-usd-52893099,revolico_pagina_8.html
55867500,* Funda para iPhone 17 Pro – ROSA FUCSIA,10.0,USD,36,1,,False,2,https://www.revolico.com/item/funda-para-iphone-17-pro-rosa-fucsia-55867500,revolico_pagina_8.html
55723559,VOLKSWAGEN JETTA DEL 91...add,13000.0,USD,45,1,,False,6,https://www.revolico.com/item/volkswagen-jetta-del-91-55723559,revolico_pagina_8.html
57759690,Bloques de Cristal,6.0,USD,42,1,,False,7,https://www.revolico.com/item/bloques-de-cristal-57759690,revolico_pagina_8.html
57759688,Inversor,1450.0,USD,39,1,,False,1,https://www.revolico.com/item/inversor-57759688,revolico_pagina_8.html
52549956,🧧Coche de dinosaurio 14 usd🧧,14.0,USD,34,1,,False,3,https://www.revolico.com/item/set-de-coche-cuna-y-silla-52549956,revolico_pagina_8.html
